"dietname","treename"
"Acratosaura_mentalis","Acratosaura_mentalis"
"Agama_yemenensis","Acanthocercus_yemensis"
"Algyroides_nigropunctatus","Algyroides_nigropunctatus"
"Alopoglossus_angulatus","Alopoglossus_angulatus"
"Alopoglossus_atriventris","Alopoglossus_atriventris"
"Ameiva_ameiva","Ameiva_ameiva"
"Ameiva_festiva","Holcosus_festivus"
"Amphibolurus_cristatus","Ctenophorus_cristatus"
"Amphibolurus_inermis","Ctenophorus_nuchalis"
"Amphibolurus_isolepis","Ctenophorus_isolepis"
"Amphibolurus_scutulatus","Ctenophorus_scutulatus"
"Amphisbaena_heathi","Amphisbaena_heathi"
"Amphisbaena_munoai","Amphisbaena_munoai"
"Anolis_auratus","Anolis_auratus"
"Anolis_bahorucoensis","Anolis_bahorucoensis"
"Anolis_biporcatus","Anolis_biporcatus"
"Anolis_capito","Anolis_capito"
"Anolis_carpenteri","Anolis_carpenteri"
"Anolis_coelestinus","Anolis_coelestinus"
"Anolis_cybotes","Anolis_cybotes"
"Anolis_distichus","Anolis_distichus"
"Anolis_fuscoauratus","Anolis_fuscoauratus"
"Anolis_humilis","Anolis_humilis"
"Anolis_lemurinus","Anolis_lemurinus"
"Anolis_limifrons","Anolis_limifrons"
"Anolis_meridionalis","Anolis_meridionalis"
"Anolis_nitens","Anolis_tandai"
"Anolis_ortonii","Anolis_ortonii"
"Anolis_oxylophus","Anolis_oxylophus"
"Anolis_planiceps","Anolis_planiceps"
"Anolis_punctatus","Anolis_punctatus"
"Anolis_scypheus","Anolis_scypheus"
"Anolis_tandai","Anolis_tandai"
"Anolis_trachyderma","Anolis_trachyderma"
"Anolis_transversalis","Anolis_transversalis"
"Anolis_ventrimaculatus","Anolis_ventrimaculatus"
"Anops_kingi","Amphisbaena_kingii"
"Anotosaura_vanzolinia","Anotosaura_vanzolinia"
"Arthrosaura_reticulata","Arthrosaura_reticulata"
"Aspidoscelis_costatus","Aspidoscelis_costatus"
"Aspidoscelis_deppei","Aspidoscelis_deppii"
"Aspidoscelis_marmoratus","Aspidoscelis_marmoratus"
"Aspidoscelis_tesselata","Aspidoscelis_tesselatus"
"Aspidoscelis_tigris","Aspidoscelis_tigris"
"Aspidoscelis_trigris","Aspidoscelis_tigris"
"Bachia_bicolor","Bachia_bicolor"
"Bachia_bresslaui","Bachia_bresslaui"
"Bachia_dorbignyi","Bachia_dorbignyi"
"Basiliscus_plumifrons","Basiliscus_plumifrons"
"Caimanops_amphiboluroides","Diporiphora_amphiboluroides"
"Callisaurus_draconoides","Callisaurus_draconoides"
"Calyptommatus_leiolepis","Calyptommatus_leiolepis"
"Cercosaura_argula","Cercosaura_argulus"
"Cercosaura_eigenmanni","Cercosaura_eigenmanni"
"Cercosaura_ocellata","Cercosaura_ocellata"
"Cercosaura_schreibersii","Cercosaura_schreibersii"
"Chalcides_ocellatus","Chalcides_ocellatus"
"Chamaeleo_jacksonii","Trioceros_jacksonii"
"Chatogekko_amazonicus","Chatogekko_amazonicus"
"Chelosania_brunnea","Chelosania_brunnea"
"Chlamydosaurus_kingii","Chlamydosaurus_kingii"
"Chondrodactylus_angulifer","Chondrodactylus_angulifer"
"Cnemidophorus_abaetensis","Glaucomastix_abaetensis"
"Cnemidophorus_cryptus","Cnemidophorus_cryptus"
"Cnemidophorus_lacertoides","Contomastix_lacertoides"
"Cnemidophorus_lemniscatus","Cnemidophorus_lemniscatus"
"Cnemidophorus_littoralis","Glaucomastix_littoralis"
"Cnemidophorus_mumbuca","Ameivula_mumbuca"
"Cnemidophorus_murinus","Cnemidophorus_murinus"
"Cnemidophorus_nativo","Ameivula_nativo"
"Cnemidophorus_ocellifer","Ameivula_ocellifera"
"Cnemidophorus_parecis","Ameiva_parecis"
"Cnemidophorus_sp.",NA
"Cnemidophorus_venetacaudus","Glaucomastix_venetacauda"
"Coleodactylus_meridionalis","Coleodactylus_meridionalis"
"Coleodactylus_septentrionalis","Coleodactylus_septentrionalis"
"Coleonyx_variegatus","Coleonyx_variegatus"
"Colobosaura_modesta","Colobosaura_modesta"
"Colopus_wahlbergii","Pachydactylus_wahlbergii"
"Cophosaurus_texanus","Cophosaurus_texanus"
"Cordylus_cordylus","Cordylus_cordylus"
"Cordylus_giganteus","Smaug_giganteus"
"Cordylus_niger","Cordylus_niger"
"Cordylus_oelofseni","Cordylus_oelofseni"
"Corytophanes_cristatus","Corytophanes_cristatus"
"Crocodilurus_amazonicus","Crocodilurus_amazonicus"
"Crotaphytus_wislizenii","Gambelia_wislizenii"
"Cryptoblepharus_boutonii","Cryptoblepharus_boutonii"
"Cryptoblepharus_buchananii","Cryptoblepharus_buchananii"
"Ctenophorus_caudicinctus","Ctenophorus_caudicinctus"
"Ctenophorus_clayi","Ctenophorus_clayi"
"Ctenophorus_fordi","Ctenophorus_fordi"
"Ctenophorus_reticulatus","Ctenophorus_reticulatus"
"Ctenosaura_hemilopha","Ctenosaura_hemilopha"
"Ctenosaura_pectinata","Ctenosaura_pectinata"
"Ctenotus_ariadnae","Ctenotus_ariadnae"
"Ctenotus_atlas","Ctenotus_atlas"
"Ctenotus_brooksi","Ctenotus_brooksi"
"Ctenotus_calurus","Ctenotus_calurus"
"Ctenotus_colletti","Ctenotus_colletti"
"Ctenotus_dux","Ctenotus_dux"
"Ctenotus_grandis","Ctenotus_grandis"
"Ctenotus_helenae","Ctenotus_inornatus"
"Ctenotus_leae","Ctenotus_leae"
"Ctenotus_leonhardii","Ctenotus_leonhardii"
"Ctenotus_pantherinus","Ctenotus_pantherinus"
"Ctenotus_piankai","Ctenotus_piankai"
"Ctenotus_quattuordecimlineatus","Ctenotus_quattuordecimlineatus"
"Ctenotus_schomburgkii","Ctenotus_schomburgkii"
"Cyclodomorphus_melanops","Cyclodomorphus_melanops"
"Cyclura_lewisi","Cyclura_lewisi"
"Cyrtopodion_scabrum","Cyrtopodion_scabrum"
"Delma_impar","Delma_impar"
"Dicrodon_guttulatum","Dicrodon_guttulatum"
"Diplodactylus_ciliaris","Strophurus_ciliaris"
"Diplodactylus_conspicillatus","Diplodactylus_conspicillatus"
"Diplodactylus_elderi","Strophurus_elderi"
"Diplodactylus_pulcher","Diplodactylus_pulcher"
"Diplodactylus_stenodactylus","Lucasium_stenodactylum"
"Diplodactylus_strophurus","Strophurus_strophurus"
"Diploglossus_bilobatus","Diploglossus_bilobatus"
"Diploglossus_lessonae","Diploglossus_lessonae"
"Diporiphora_paraconvergens","Diporiphora_paraconvergens"
"Dipsosaurus_dorsalis","Dipsosaurus_dorsalis"
"Draco_maculatus","Draco_maculatus"
"Draco_maximus","Draco_maximus"
"Draco_melanopogon","Draco_melanopogon"
"Draco_obscurus","Draco_obscurus"
"Draco_quinquefasciatus","Draco_quinquefasciatus"
"Dryadosaura_nordestina","Dryadosaura_nordestina"
"Ecpleopus_gaudichaudii","Ecpleopus_gaudichaudii"
"Egernia_coventryi","Lissolepis_coventryi"
"Egernia_depressa","Egernia_depressa"
"Egernia_formosa","Egernia_formosa"
"Egernia_inornata","Liopholis_inornata"
"Egernia_slateri","Liopholis_slateri"
"Egernia_striata","Liopholis_striata"
"Emoia_atrocostata","Emoia_atrocostata"
"Enyalioides_laticeps","Enyalioides_laticeps"
"Enyalioides_palpebralis","Enyalioides_palpebralis"
"Enyalius_bibronii","Enyalius_bibronii"
"Enyalius_bilineatus","Enyalius_bilineatus"
"Enyalius_brasiliensis","Enyalius_brasiliensis"
"Enyalius_leechii","Enyalius_leechii"
"Enyalius_perditus","Enyalius_perditus"
"Eremiascincus_richardsonii","Eremiascincus_richardsonii"
"Eurolophosaurus_divaricatus","Eurolophosaurus_divaricatus"
"Eutropis_multifasciata","Eutropis_multifasciata"
"Gallotia_atlantica","Gallotia_atlantica"
"Gallotia_galloti","Gallotia_galloti"
"Gehyra_variegata","Gehyra_variegata"
"Gerrhosaurus_skoogi","Gerrhosaurus_skoogi"
"Gonatodes_concinnatus","Gonatodes_concinnatus"
"Gonatodes_hasemani","Gonatodes_hasemani"
"Gonatodes_humeralis","Gonatodes_humeralis"
"Gymnodactylus_geckoides","Gymnodactylus_geckoides"
"Gymnophthalmus_underwoodi","Gymnophthalmus_underwoodi"
"Heloderma_horridum","Heloderma_horridum"
"Hemidactylus_agrius","Hemidactylus_agrius"
"Hemidactylus_brasilianus","Hemidactylus_brasilianus"
"Hemidactylus_mabouia","Hemidactylus_mabouia"
"Hemidactylus_palaichthus","Hemidactylus_palaichthus"
"Heteronotia_binoei","Heteronotia_binoei"
"Homopholis_walbergii","Homopholis_walbergii"
"Iguana_iguana","Iguana_iguana"
"Iphisa_elegans","Iphisa_elegans"
"Japalura_swinhonis","Diploderma_swinhonis"
"Kentropyx_altamazonica","Kentropyx_altamazonica"
"Kentropyx_calcarata","Kentropyx_calcarata"
"Kentropyx_paulensis","Kentropyx_paulensis"
"Kentropyx_pelviceps","Kentropyx_pelviceps"
"Kentropyx_striata","Kentropyx_striata"
"Kentropyx_vanzoi","Kentropyx_vanzoi"
"Lacerta_lepida","Timon_lepidus"
"Lacerta_viridis","Lacerta_viridis"
"Leiocephalus_carinatus","Leiocephalus_carinatus"
"Leiocephalus_greenwayi","Leiocephalus_greenwayi"
"Leiocephalus_inaguae","Leiocephalus_inaguae"
"Leiocephalus_loxogrammus","Leiocephalus_loxogrammus"
"Leiocephalus_punctatus","Leiocephalus_punctatus"
"Lepidoblepharis_xanthostigma","Lepidoblepharis_xanthostigma"
"Lepidophyma_flavimaculatum","Lepidophyma_flavimaculatum"
"Leposoma_parietale","Loxopholis_parietalis"
"Leposternon_polystegum","Leposternon_polystegum"
"Lerista_Desertorum","Lerista_desertorum"
"Liolaemus_lutzae","Liolaemus_lutzae"
"Liolaemus_poecilochromus","Liolaemus_poecilochromus"
"Liolaemus_pseudoanomalus","Liolaemus_pseudoanomalus"
"Lophognathus_longirostris","Gowidon_longirostris"
"Loxopholis_percarinatum","Loxopholis_percarinatum"
"Lygodactylus_capensis","Lygodactylus_capensis"
"Lygodactylus_klugei","Lygodactylus_klugei"
"Lygosoma_cherriei","Scincella_cherriei"
"Mabuya_agilis","Brasiliscincus_agilis"
"Mabuya_agmosticha","Psychosaura_agmosticha"
"Mabuya_dorsivittata","Aspronema_dorsivittatum"
"Mabuya_frenata","Notomabuya_frenata"
"Mabuya_guaporicola","Manciola_guaporicola"
"Mabuya_heathi","Brasiliscincus_heathi"
"Mabuya_longicaudata","Eutropis_longicaudata"
"Mabuya_macrorhyncha","Psychosaura_macrorhyncha"
"Mabuya_nigropunctata","Copeoglossum_nigropunctatum"
"Mabuya_occidentalis","Trachylepis_occidentalis"
"Mabuya_spilogaster","Trachylepis_spilogaster"
"Mabuya_striata","Trachylepis_striata"
"Mabuya_variegata","Trachylepis_variegata"
"Marisora_unimarginata","Marisora_unimarginata"
"Micrablepharus_atticolus","Micrablepharus_atticolus"
"Micrablepharus_maximiliani","Micrablepharus_maximiliani"
"Moloch_horridus","Moloch_horridus"
"Morethia_butleri","Morethia_butleri"
"Nephrurus_laevissimus","Nephrurus_laevissimus"
"Nephrurus_levis","Nephrurus_levis"
"Nephrurus_vertebralis","Nephrurus_vertebralis"
"Niveoscincus_ocellatus","Carinascincus_ocellatus"
"Nothobachia_ablephara","Nothobachia_ablephara"
"Nucras_holubi","Nucras_holubi"
"Nucras_intertexta","Nucras_intertexta"
"Nucras_lalandii","Nucras_lalandii"
"Nucras_ornata","Nucras_ornata"
"Nucras_tessellata","Nucras_tessellata"
"Oligosoma_lineoocellatum","Oligosoma_lineoocellatum"
"Oligosoma_nigriplantare","Oligosoma_nigriplantare"
"Ophiodes_striatus","Ophiodes_striatus"
"Pachydactylus_bibronii","Chondrodactylus_bibronii"
"Pachydactylus_capensis","Pachydactylus_capensis"
"Pachydactylus_rugosus","Pachydactylus_rugosus"
"Panopa_carvalhoi","Panopa_carvalhoi"
"Phrynocephalus_przewalskii","Phrynocephalus_przewalskii"
"Phrynosoma_douglassii","Phrynosoma_douglasii"
"Phrynosoma_platyrhinos","Phrynosoma_platyrhinos"
"Phyllopezus_periosus","Phyllopezus_periosus"
"Phyllopezus_pollicaris","Phyllopezus_pollicaris"
"Phymaturus_palluma","Phymaturus_palluma"
"Physignathus_cocincinus","Physignathus_cocincinus"
"Plica_plica","Plica_plica"
"Plica_umbra","Plica_umbra"
"Podarcis_lilfordi","Podarcis_lilfordi"
"Podarcis_tauricus","Podarcis_tauricus"
"Polychrus_acutirostris","Polychrus_acutirostris"
"Polychrus_marmoratus","Polychrus_marmoratus"
"Potamites_ecpleopus","Potamites_ecpleopus"
"Procellosaurinus_erythrocercus","Procellosaurinus_erythrocercus"
"Pseudogonatodes_guianensis","Pseudogonatodes_guianensis"
"Psilophthalmus_paeminosus","Psilops_paeminosus"
"Ptenopus_garrulus","Ptenopus_garrulus"
"Ptychoglossus_bicolor","Ptychoglossus_bicolor"
"Rhacodactylus_auriculatus","Rhacodactylus_auriculatus"
"Rhynchoedura_ornata","Rhynchoedura_ornata"
"Sauromalus_obesus","Sauromalus_ater"
"Sceloporus_gadoviae","Sceloporus_gadoviae"
"Sceloporus_grammicus","Sceloporus_grammicus"
"Sceloporus_horridus","Sceloporus_horridus"
"Sceloporus_jalapae","Sceloporus_jalapae"
"Sceloporus_magister","Sceloporus_magister"
"Sceloporus_siniferus","Sceloporus_siniferus"
"Sceloporus_torquatus","Sceloporus_torquatus"
"Sceloporus_undulatus","Sceloporus_undulatus"
"Scincus_scincus","Scincus_scincus"
"Scriptosaura_catimbau","Scriptosaura_catimbau"
"Sphaerodactylus_millepunctatus","Sphaerodactylus_millepunctatus"
"Sphaerodactylus_vincenti","Sphaerodactylus_vincenti"
"Sphenomorphus_incognitus","Sphenomorphus_incognitus"
"Sphenops_sepsoides","Chalcides_sepsoides"
"Stenocercus_modestus","Stenocercus_modestus"
"Stenocercus_roseiventris","Stenocercus_roseiventris"
"Takydromus_sauteri","Takydromus_sauteri"
"Tarentola_mauritanica","Tarentola_mauritanica"
"Teius_oculatus","Teius_oculatus"
"Thecadactylus_rapicauda","Thecadactylus_rapicauda"
"Thecadactylus_solimoensis","Thecadactylus_solimoensis"
"Tiliqua_multifasciata","Tiliqua_multifasciata"
"Tiliqua_rugosa","Tiliqua_rugosa"
"Tretioscincus_oriximinensis","Tretioscincus_oriximinensis"
"Trogonophis_wiegmanni","Trogonophis_wiegmanni"
"Tropidurus_cocorobensis","Tropidurus_cocorobensis"
"Tropidurus_etheridgei","Tropidurus_etheridgei"
"Tropidurus_helenae","Tropidurus_helenae"
"Tropidurus_hispidus","Tropidurus_hispidus"
"Tropidurus_insulanus","Tropidurus_insulanus"
"Tropidurus_itambere","Tropidurus_itambere"
"Tropidurus_jaguaribanus","Tropidurus_jaguaribanus"
"Tropidurus_montanus","Tropidurus_montanus"
"Tropidurus_oreadicus","Tropidurus_oreadicus"
"Tropidurus_psammonastes","Tropidurus_psammonastes"
"Tropidurus_semitaeniatus","Tropidurus_semitaeniatus"
"Tropidurus_torquatus","Tropidurus_torquatus"
"Tupinambis_longilineus","Tupinambis_longilineus"
"Tupinambis_merianae","Salvator_merianae"
"Tupinambis_teguixin","Tupinambis_teguixin"
"Typhlosaurus_gariepensis","Acontias_gariepensis"
"Typhlosaurus_lineatus","Acontias_lineatus"
"Uma_notata","Uma_notata"
"Uracentron_flaviceps","Uracentron_flaviceps"
"Uranoscodon_superciliosus","Uranoscodon_superciliosus"
"Uromastyx_aegyptius_microlepis","Uromastyx_aegyptia"
"Uta_estansburiana","Uta_stansburiana"
"Uta_stansburiana","Uta_stansburiana"
"Vanzosaura_multiscutata","Vanzosaura_multiscutata"
"Vanzosaura_rubricauda","Vanzosaura_rubricauda"
"Varanus_albigularis","Varanus_albigularis"
"Varanus_brevicauda","Varanus_brevicauda"
"Varanus_caudolineatus","Varanus_caudolineatus"
"Varanus_eremius","Varanus_eremius"
"Varanus_gilleni","Varanus_gilleni"
"Varanus_gouldii","Varanus_gouldii"
"Varanus_niloticus","Varanus_niloticus"
"Varanus_tristis","Varanus_tristis"
"Varanus_varius","Varanus_varius"
"Xenosaurus_grandis","Xenosaurus_grandis"
"Xenosaurus_newmanorum","Xenosaurus_newmanorum"
"Xenosaurus_platyceps","Xenosaurus_platyceps"
"Acanthophis_antarcticus","Acanthophis_antarcticus"
"Acanthophis_praelongus","Acanthophis_praelongus"
"Achalinus_spinalis","Achalinus_spinalis"
"Acrantophis_dumerili","Acrantophis_dumerili"
"Acrantophis_madagascariensis","Acrantophis_madagascariensis"
"Acrochordus_arafurae","Acrochordus_arafurae"
"Acrochordus_granulatus","Acrochordus_granulatus"
"Acutotyphlops_subocularis","Acutotyphlops_subocularis"
"Adelphicos_nigrilatum","Adelphicos_nigrilatum"
"Adelphicos_quadrivirgatum","Adelphicos_quadrivirgatus"
"Adelphicos_veraepacis","Adelphicos_veraepacis"
"Afronatrix_anoscopus","Afronatrix_anoscopus"
"Afrotyphlops_bibronii","Afrotyphlops_bibronii"
"Afrotyphlops_fornasinii","Afrotyphlops_fornasinii"
"Afrotyphlops_punctatus","Afrotyphlops_punctatus"
"Agkistrodon_contortrix","Agkistrodon_contortrix"
"Agkistrodon_piscivorus","Agkistrodon_piscivorus"
"Ahaetulla_fronticincta","Ahaetulla_fronticincta"
"Ahaetulla_mycterizans","Ahaetulla_mycterizans"
"Ahaetulla_nasuta","Ahaetulla_nasuta"
"Ahaetulla_perroteti","Ahaetulla_perroteti"
"Ahaetulla_prasina","Ahaetulla_prasina"
"Ahaetulla_pulverulenta","Ahaetulla_pulverulenta"
"Aipysurus_eydouxii","Aipysurus_eydouxii"
"Alsophis_rufiventris","Alsophis_rufiventris"
"Amastridium_veliferum","Amastridium_veliferum"
"Amblyodipsas_concolor","Amblyodipsas_concolor"
"Amblyodipsas_katangensis","Amblyodipsas_katangensis"
"Amblyodipsas_microphthalma","Amblyodipsas_microphthalma"
"Amblyodipsas_polylepis","Amblyodipsas_polylepis"
"Amblyodipsas_unicolor","Amblyodipsas_unicolor"
"Amblyodipsas_ventrimaculata","Amblyodipsas_ventrimaculata"
"Amphiesma_beddomei","Hebius_beddomei"
"Amphiesma_craspedogaster","Hebius_craspedogaster"
"Amphiesma_ishigakiense","Hebius_ishigakiense"
"Amphiesma_khasiense","Hebius_khasiense"
"Amphiesma_modestum","Hebius_modestum"
"Amphiesma_monticola","Hebius_monticola"
"Amphiesma_octolineatum","Hebius_octolineatum"
"Amphiesma_platyceps","Herpetoreas_platyceps"
"Amphiesma_stolatum","Amphiesma_stolatum"
"Amphiesma_venningi","Hebius_venningi"
"Amphiesma_vibakari","Hebius_vibakari"
"Anilius_scytale","Anilius_scytale"
"Antaresia_childreni","Antaresia_childreni"
"Antaresia_maculosa","Antaresia_maculosa"
"Antaresia_perthensis","Antaresia_perthensis"
"Antaresia_stimsoni","Antaresia_stimsoni"
"Aparallactus_capensis","Aparallactus_capensis"
"Aparallactus_guentheri","Aparallactus_guentheri"
"Aparallactus_werneri","Aparallactus_werneri"
"Apostolepis_ammodites","Apostolepis_ammodites"
"Apostolepis_assimilis","Apostolepis_assimilis"
"Apostolepis_cearensis","Apostolepis_cearensis"
"Apostolepis_dimidiata","Apostolepis_dimidiata"
"Apostolepis_multicincta","Apostolepis_multicincta"
"Apostolepis_nigroterminata","Apostolepis_nigroterminata"
"Apostolepis_pymi","Apostolepis_pymi"
"Arizona_elegans","Arizona_elegans"
"Aspidelaps_lubricus","Aspidelaps_lubricus"
"Aspidelaps_scutatus","Aspidelaps_scutatus"
"Aspidites_melanocephalus","Aspidites_melanocephalus"
"Aspidites_ramsayi","Aspidites_ramsayi"
"Aspidomorphus_lineaticollis","Aspidomorphus_lineaticollis"
"Aspidomorphus_muelleri","Aspidomorphus_muelleri"
"Aspidomorphus_schlegeli","Aspidomorphus_schlegelii"
"Aspidura_brachyorrhos","Aspidura_brachyorrhos"
"Aspidura_guentheri","Aspidura_guentheri"
"Aspidura_trachyprocta","Aspidura_trachyprocta"
"Asthenodipsas_malaccanus","Asthenodipsas_malaccanus"
"Atheris_barbouri","Atheris_barbouri"
"Atheris_ceratophora","Atheris_ceratophora"
"Atheris_chlorechis","Atheris_chlorechis"
"Atheris_katangensis","Atheris_katangensis"
"Atheris_nitschei","Atheris_nitschei"
"Atheris_rungweensis","Atheris_rungweensis"
"Atheris_squamigera","Atheris_squamigera"
"Atractaspis_aterrima","Atractaspis_aterrima"
"Atractaspis_bibronii","Atractaspis_bibronii"
"Atractaspis_congica","Atractaspis_congica"
"Atractaspis_corpulenta","Atractaspis_corpulenta"
"Atractaspis_duerdeni","Atractaspis_duerdeni"
"Atractaspis_engaddensis","Atractaspis_engaddensis"
"Atractaspis_irregularis","Atractaspis_irregularis"
"Atractaspis_microlepidota","Atractaspis_microlepidota"
"Atractus_carrioni","Atractus_carrioni"
"Atractus_elaps","Atractus_elaps"
"Atractus_flammigerus","Atractus_flammigerus"
"Atractus_latifrons","Atractus_latifrons"
"Atractus_major","Atractus_major"
"Atractus_natans","Atractus_natans"
"Atractus_occipitoalbus","Atractus_occipitoalbus"
"Atractus_pantostictus","Atractus_pantostictus"
"Atractus_poeppigi","Atractus_poeppigi"
"Atractus_reticulatus","Atractus_reticulatus"
"Atractus_ronnie","Atractus_ronnie"
"Atractus_snethlageae","Atractus_snethlageae"
"Atractus_torquatus","Atractus_torquatus"
"Atractus_trihedrurus","Atractus_trihedrurus"
"Atretium_schistosum","Atretium_schistosum"
"Atropoides_nummifer","Atropoides_nummifer"
"Austrelaps_labialis","Austrelaps_labialis"
"Austrelaps_ramsayi","Austrelaps_ramsayi"
"Austrelaps_superbus","Austrelaps_superbus"
"Austrotyphlops_australis","Anilios_australis"
"Austrotyphlops_bituberculatus","Anilios_bituberculatus"
"Austrotyphlops_hamatus","Anilios_hamatus"
"Austrotyphlops_ligatus","Anilios_ligatus"
"Austrotyphlops_nigrescens","Anilios_nigrescens"
"Austrotyphlops_pinguis","Anilios_pinguis"
"Austrotyphlops_proximus","Anilios_proximus"
"Austrotyphlops_waitii","Anilios_waitii"
"Austrotyphlops_wiedii","Anilios_wiedii"
"Azemiops_feae","Azemiops_feae"
"Balanophis_ceylonensis","Rhabdophis_ceylonensis"
"Bamanophis_dorri","Bamanophis_dorri"
"Bitia_hydroides","Bitia_hydroides"
"Bitis_arietans","Bitis_arietans"
"Bitis_armata","Bitis_armata"
"Bitis_caudalis","Bitis_caudalis"
"Bitis_gabonica","Bitis_gabonica"
"Bitis_nasicornis","Bitis_nasicornis"
"Bitis_schneideri","Bitis_schneideri"
"Boa_constrictor","Boa_constrictor"
"Boaedon_fuliginosus","Boaedon_fuliginosus"
"Boaedon_lineatus","Boaedon_lineatus"
"Boaedon_olivaceus","Boaedon_olivaceus"
"Boaedon_virgatus","Boaedon_virgatus"
"Bogertophis_subocularis","Bogertophis_subocularis"
"Boiga_angulata","Boiga_angulata"
"Boiga_ceylonensis","Boiga_ceylonensis"
"Boiga_cyanea","Boiga_cyanea"
"Boiga_cynodon","Boiga_cynodon"
"Boiga_dendrophila","Boiga_dendrophila"
"Boiga_dightoni","Boiga_dightoni"
"Boiga_drapiezii","Boiga_drapiezii"
"Boiga_forsteni","Boiga_forsteni"
"Boiga_gokool","Boiga_gocool"
"Boiga_guangxiensis","Boiga_guangxiensis"
"Boiga_irregularis","Boiga_irregularis"
"Boiga_jaspidea","Boiga_jaspidea"
"Boiga_kraepelini","Boiga_kraepelini"
"Boiga_multifasciata","Boiga_multifasciata"
"Boiga_multomaculata","Boiga_multomaculata"
"Boiga_nigriceps","Boiga_nigriceps"
"Boiga_ochracea","Boiga_ochracea"
"Boiga_schultzei","Boiga_schultzei"
"Boiga_siamensis","Boiga_siamensis"
"Boiga_trigonata","Boiga_trigonata"
"Boiruna_maculata","Boiruna_maculata"
"Boiruna_sertaneja","Boiruna_sertaneja"
"Borikenophis_portoricensis","Borikenophis_portoricensis"
"Bothriechis_schlegelii","Bothriechis_schlegelii"
"Bothriopsis_bilineata","Bothrops_bilineatus"
"Bothriopsis_taeniata","Bothrops_taeniatus"
"Bothrochilus_boa","Bothrochilus_boa"
"Bothrocophias_hyoprora","Bothrocophias_hyoprora"
"Bothrocophias_microphthalmus","Bothrocophias_microphthalmus"
"Bothrophthalmus_lineatus","Bothrophthalmus_lineatus"
"Bothropoides_alcatraz","Bothrops_alcatraz"
"Bothropoides_erythromelas","Bothrops_erythromelas"
"Bothropoides_insularis","Bothrops_insularis"
"Bothropoides_jararaca","Bothrops_jararaca"
"Bothropoides_matogrossensis","Bothrops_matogrossensis"
"Bothropoides_neuwiedi","Bothrops_neuwiedi"
"Bothropoides_pauloensis","Bothrops_pauloensis"
"Bothropoides_pubescens","Bothrops_pubescens"
"Bothrops_asper","Bothrops_asper"
"Bothrops_atrox","Bothrops_atrox"
"Bothrops_brazili","Bothrops_brazili"
"Bothrops_jararacussu","Bothrops_jararacussu"
"Bothrops_leucurus","Bothrops_leucurus"
"Bothrops_moojeni","Bothrops_moojeni"
"Brachyorrhos_albus","Brachyorrhos_albus"
"Brachyurophis_australis","Brachyurophis_australis"
"Brachyurophis_fasciolatus","Brachyurophis_fasciolatus"
"Brachyurophis_roperi","Brachyurophis_roperi"
"Brachyurophis_semifasciatus","Brachyurophis_semifasciatus"
"Broghammerus_reticulatus","Malayopython_reticulatus"
"Brygophis_coulangesi","Brygophis_coulangesi"
"Buhoma_depressiceps","Buhoma_depressiceps"
"Buhoma_procterae","Buhoma_procterae"
"Buhoma_vauerocegae","Buhoma_vauerocegae"
"Bungarus_bungaroides","Bungarus_bungaroides"
"Bungarus_caeruleus","Bungarus_caeruleus"
"Bungarus_candidus","Bungarus_candidus"
"Bungarus_ceylonicus","Bungarus_ceylonicus"
"Bungarus_fasciatus","Bungarus_fasciatus"
"Bungarus_flaviceps","Bungarus_flaviceps"
"Bungarus_lividus","Bungarus_lividus"
"Bungarus_multicinctus","Bungarus_multicinctus"
"Bungarus_niger","Bungarus_niger"
"Caaeteboia_amarali","Caaeteboia_amarali"
"Cacophis_harriettae","Cacophis_harriettae"
"Cacophis_krefftii","Cacophis_krefftii"
"Cacophis_squamulosus","Cacophis_squamulosus"
"Calabaria_reinhardtii","Calabaria_reinhardtii"
"Calamaria_banggaiensis","Calamaria_banggaiensis"
"Calamaria_buchi","Calamaria_buchi"
"Calamaria_gervaisii","Calamaria_gervaisii"
"Calamaria_griswoldi","Calamaria_griswoldi"
"Calamaria_lautensis","Calamaria_lautensis"
"Calamaria_leucogaster","Calamaria_leucogaster"
"Calamaria_lumbricoidea","Calamaria_lumbricoidea"
"Calamaria_schmidti","Calamaria_schmidti"
"Calamaria_septentrionalis","Calamaria_septentrionalis"
"Calamodontophis_paucidens","Calamodontophis_paucidens"
"Calamodontophis_ronaldoi","Calamodontophis_ronaldoi"
"Calliophis_bivirgata","Calliophis_bivirgatus"
"Calliophis_nigrescens","Calliophis_nigrescens"
"Candoia_aspera","Candoia_aspera"
"Candoia_bibroni","Candoia_bibroni"
"Candoia_carinata","Candoia_carinata"
"Cantoria_violacea","Cantoria_violacea"
"Caraiba_andreae","Caraiba_andreae"
"Carphophis_amoenus","Carphophis_amoenus"
"Casarea_dussumieri","Casarea_dussumieri"
"Causus_defilippii","Causus_defilippii"
"Causus_lichtensteinii","Causus_lichtensteinii"
"Causus_maculatus","Causus_maculatus"
"Causus_resimus","Causus_resimus"
"Causus_rhombeatus","Causus_rhombeatus"
"Cemophora_coccinea","Cemophora_coccinea"
"Cerastes_cerastes","Cerastes_cerastes"
"Cerastes_gasperettii","Cerastes_gasperettii"
"Cerastes_vipera","Cerastes_vipera"
"Cerberus_rynchops","Cerberus_rynchops"
"Cerrophidion_godmani","Cerrophidion_godmani"
"Cerrophidion_tzotzilorum","Cerrophidion_tzotzilorum"
"Chamaelycus_fasciatus","Chamaelycus_fasciatus"
"Charina_bottae","Charina_bottae"
"Chersodromus_rubriventris","Chersodromus_rubriventris"
"Chilomeniscus_savagei","Sonora_savagei"
"Chilomeniscus_stramineus","Sonora_straminea"
"Chilorhinophis_carpenteri","Chilorhinophis_butleri"
"Chionactis_occipitalis","Sonora_occipitalis"
"Chionactis_palarostris","Sonora_palarostris"
"Chironius_bicarinatus","Chironius_bicarinatus"
"Chironius_carinatus","Chironius_carinatus"
"Chironius_exoletus","Chironius_exoletus"
"Chironius_flavolineatus","Chironius_flavolineatus"
"Chironius_foveatus","Chironius_foveatus"
"Chironius_fuscus","Chironius_fuscus"
"Chironius_grandisquamis","Chironius_grandisquamis"
"Chironius_laevicollis","Chironius_laevicollis"
"Chironius_monticola","Chironius_monticola"
"Chironius_multiventris","Chironius_multiventris"
"Chironius_quadricarinatus","Chironius_quadricarinatus"
"Chironius_scurrulus","Chironius_scurrulus"
"Chironius_septentrionalis","Chironius_septentrionalis"
"Chironius_vincenti","Chironius_vincenti"
"Chrysopelea_ornata","Chrysopelea_ornata"
"Chrysopelea_paradisi","Chrysopelea_paradisi"
"Clelia_clelia","Clelia_clelia"
"Clelia_langeri","Clelia_langeri"
"Clelia_plumbea","Clelia_plumbea"
"Clelia_scytalina","Clelia_scytalina"
"Clonophis_kirtlandii","Clonophis_kirtlandii"
"Coelognathus_helena","Coelognathus_helena"
"Coelognathus_radiatus","Coelognathus_radiatus"
"Coluber_anthonyi","Masticophis_anthonyi"
"Coluber_bilineatus","Masticophis_bilineatus"
"Coluber_constrictor","Coluber_constrictor"
"Coluber_flagellum","Masticophis_flagellum"
"Coluber_fuliginosus","Masticophis_fuliginosus"
"Coluber_lateralis","Masticophis_lateralis"
"Coluber_mentovarius","Masticophis_mentovarius"
"Coluber_schotti","Masticophis_schotti"
"Coluber_taeniatus","Masticophis_taeniatus"
"Coluber_taylori","Platyceps_taylori"
"Compsophis_albiventris","Compsophis_albiventris"
"Compsophis_infralineatus","Compsophis_infralineatus"
"Compsophis_laphystius","Compsophis_laphystius"
"Coniophanes_bipunctatus","Coniophanes_bipunctatus"
"Coniophanes_fissidens","Coniophanes_fissidens"
"Coniophanes_imperialis","Coniophanes_imperialis"
"Coniophanes_lateritius","Coniophanes_lateritius"
"Coniophanes_piceivittis","Coniophanes_piceivittis"
"Coniophanes_schmidti","Coniophanes_schmidti"
"Conophis_lineatus","Conophis_lineatus"
"Conophis_vittatus","Conophis_vittatus"
"Conopsis_biserialis","Conopsis_biserialis"
"Conopsis_lineata","Conopsis_lineata"
"Conopsis_nasus","Conopsis_nasus"
"Contia_tenuis","Contia_tenuis"
"Corallus_annulatus","Corallus_annulatus"
"Corallus_batesii","Corallus_batesii"
"Corallus_blombergi","Corallus_blombergi"
"Corallus_caninus","Corallus_caninus"
"Corallus_cookii","Corallus_cookii"
"Corallus_cropanii","Corallus_cropanii"
"Corallus_grenadensis","Corallus_grenadensis"
"Corallus_hortulanus","Corallus_hortulana"
"Corallus_ruschenbergerii","Corallus_ruschenbergerii"
"Coronella_austriaca","Coronella_austriaca"
"Coronella_girondica","Coronella_girondica"
"Crisantophis_nevermanni","Crisantophis_nevermanni"
"Crotalus_atrox","Crotalus_atrox"
"Crotalus_cerastes","Crotalus_cerastes"
"Crotalus_durissus","Crotalus_durissus"
"Crotalus_enyo","Crotalus_enyo"
"Crotalus_horridus","Crotalus_horridus"
"Crotalus_lepidus","Crotalus_lepidus"
"Crotalus_oreganus","Crotalus_oreganus"
"Crotalus_polystictus","Crotalus_polystictus"
"Crotalus_pricei","Crotalus_pricei"
"Crotalus_pusillus","Crotalus_pusillus"
"Crotalus_ravus","Crotalus_ravus"
"Crotalus_ruber","Crotalus_ruber"
"Crotalus_triseriatus","Crotalus_triseriatus"
"Crotalus_tzabcan","Crotalus_tzabcan"
"Crotalus_viridis","Crotalus_viridis"
"Crotalus_willardi","Crotalus_willardi"
"Crotaphopeltis_hotamboeia","Crotaphopeltis_hotamboeia"
"Crotaphopeltis_tornieri","Crotaphopeltis_tornieri"
"Cryophis_hallbergi","Cryophis_hallbergi"
"Cryptophis_boschmai","Cryptophis_boschmai"
"Cryptophis_nigrostriatus","Cryptophis_nigrostriatus"
"Cubophis_cantherigerus","Cubophis_cantherigerus"
"Cubophis_caymanus","Cubophis_caymanus"
"Cubophis_vudii","Cubophis_vudii"
"Cyclophiops_major","Ptyas_major"
"Cylindrophis_maculatus","Cylindrophis_maculatus"
"Cylindrophis_melanotus","Cylindrophis_melanotus"
"Cylindrophis_ruffus","Cylindrophis_ruffus"
"Daboia_palaestinae","Daboia_palaestinae"
"Daboia_russelii","Daboia_russelii"
"Dasypeltis_scabra","Dasypeltis_scabra"
"Deinagkistrodon_acutus","Deinagkistrodon_acutus"
"Demansia_olivacea","Demansia_olivacea"
"Demansia_psammophis","Demansia_psammophis"
"Demansia_torquata","Demansia_torquata"
"Demansia_vestigiata","Demansia_vestigiata"
"Dendrelaphis_andamanensis","Dendrelaphis_andamanensis"
"Dendrelaphis_bifrenalis","Dendrelaphis_bifrenalis"
"Dendrelaphis_biloreatus","Dendrelaphis_biloreatus"
"Dendrelaphis_calligastra","Dendrelaphis_calligaster"
"Dendrelaphis_caudolineatus","Dendrelaphis_caudolineatus"
"Dendrelaphis_cyanochloris","Dendrelaphis_cyanochloris"
"Dendrelaphis_grandoculis","Dendrelaphis_grandoculis"
"Dendrelaphis_kopsteini","Dendrelaphis_kopsteini"
"Dendrelaphis_marenae","Dendrelaphis_marenae"
"Dendrelaphis_pictus","Dendrelaphis_pictus"
"Dendrelaphis_punctulatus","Dendrelaphis_punctulatus"
"Dendrelaphis_tristis","Dendrelaphis_tristis"
"Dendroaspis_jamesoni","Dendroaspis_jamesoni"
"Dendroaspis_polylepis","Dendroaspis_polylepis"
"Dendrophidion_atlantica","Dendrophidion_atlantica"
"Dendrophidion_dendrophis","Dendrophidion_dendrophis"
"Dendrophidion_nuchale","Dendrophidion_nuchale"
"Dendrophidion_percarinatum","Dendrophidion_percarinatum"
"Dendrophidion_vinitor","Dendrophidion_vinitor"
"Denisonia_devisi","Denisonia_devisi"
"Denisonia_maculata","Denisonia_maculata"
"Diadophis_punctatus","Diadophis_punctatus"
"Dinodon_flavozonatum","Lycodon_flavozonatus"
"Dinodon_meridionale","Lycodon_meridionalis"
"Dinodon_rufozonatum","Lycodon_rufozonatus"
"Dinodon_semicarinatum","Lycodon_semicarinatus"
"Dinodon_septentrionalis","Lycodon_septentrionalis"
"Dipsadoboa_aulica","Dipsadoboa_aulica"
"Dipsadoboa_duchesnii","Dipsadoboa_duchesnii"
"Dipsadoboa_shrevei","Dipsadoboa_shrevei"
"Dipsadoboa_unicolor","Dipsadoboa_unicolor"
"Dipsadoboa_viridis","Dipsadoboa_viridis"
"Dipsas_catesbyi","Dipsas_catesbyi"
"Dipsas_elegans","Dipsas_elegans"
"Dipsas_indica","Dipsas_indica"
"Dipsas_pavonina","Dipsas_pavonina"
"Dipsas_variegata","Dipsas_variegata"
"Dipsina_multimaculata","Dipsina_multimaculata"
"Dispholidus_typus","Dispholidus_typus"
"Dolichophis_caspius","Dolichophis_caspius"
"Dolichophis_jugularis","Dolichophis_jugularis"
"Drepanoides_anomalus","Drepanoides_anomalus"
"Dromicodryas_bernieri","Dromicodryas_bernieri"
"Drymarchon_corais","Drymarchon_corais"
"Drymarchon_couperi","Drymarchon_couperi"
"Drymarchon_melanurus","Drymarchon_melanurus"
"Drymobius_chloroticus","Drymobius_chloroticus"
"Drymobius_margaritiferus","Drymobius_margaritiferus"
"Drymobius_rhombifer","Drymobius_rhombifer"
"Drymoluber_brazili","Drymoluber_brazili"
"Drymoluber_dichrous","Drymoluber_dichrous"
"Drysdalia_coronoides","Drysdalia_coronoides"
"Drysdalia_mastersii","Drysdalia_mastersii"
"Drysdalia_rhodogaster","Drysdalia_rhodogaster"
"Duberria_shirana","Duberria_shirana"
"Duberria_variegata","Duberria_variegata"
"Echinanthera_cephalostriata","Echinanthera_cephalostriata"
"Echinanthera_undulata","Echinanthera_undulata"
"Echiopsis_curta","Echiopsis_curta"
"Echis_carinatus","Echis_carinatus"
"Echis_coloratus","Echis_coloratus"
"Echis_ocellatus","Echis_ocellatus"
"Eirenis_coronella","Eirenis_coronella"
"Eirenis_decemlineatus","Eirenis_decemlineatus"
"Eirenis_lineomaculatus","Eirenis_lineomaculatus"
"Eirenis_medus","Eirenis_medus"
"Eirenis_modestus","Eirenis_modestus"
"Eirenis_rothii","Eirenis_rothii"
"Elachistodon_westermanni","Boiga_westermanni"
"Elaphe_anomala","Elaphe_anomala"
"Elaphe_bimaculata","Elaphe_bimaculata"
"Elaphe_carinata","Elaphe_carinata"
"Elaphe_climacophora","Elaphe_climacophora"
"Elaphe_davidi","Elaphe_davidi"
"Elaphe_dione","Elaphe_dione"
"Elaphe_quadrivirgata","Elaphe_quadrivirgata"
"Elaphe_quatuorlineata","Elaphe_quatuorlineata"
"Elapognathus_coronata","Elapognathus_coronatus"
"Elapognathus_minor","Elapognathus_minor"
"Elapomorphus_lepidus","Coronelaps_lepidus"
"Elapomorphus_quinquelineatus","Elapomorphus_quinquelineatus"
"Elapomorphus_spegazzinii","Phalotris_lemniscatus"
"Elapomorphus_wuchereri","Elapomorphus_wuchereri"
"Elapsoidea_boulengeri","Elapsoidea_boulengeri"
"Elapsoidea_guentherii","Elapsoidea_guentherii"
"Elapsoidea_sundevallii","Elapsoidea_sundevallii"
"Emmochliophis_miops","Emmochliophis_miops"
"Emydocephalus_annulatus","Emydocephalus_annulatus"
"Enhydris_bocourti","Subsessor_bocourti"
"Enhydris_doriae","Homalophis_doriae"
"Enhydris_enhydris","Enhydris_enhydris"
"Enhydris_jagorii","Enhydris_jagorii"
"Enhydris_longicauda","Enhydris_longicauda"
"Enhydris_plumbea","Hypsiscopus_plumbea"
"Enulius_flavitorques","Enulius_flavitorques"
"Epicrates_assisi","Epicrates_assisi"
"Epicrates_cenchria","Epicrates_cenchria"
"Epicrates_crassus","Epicrates_crassus"
"Epicrates_inornatus","Chilabothrus_inornatus"
"Epicrates_maurus","Epicrates_maurus"
"Epicrates_striatus","Chilabothrus_striatus"
"Epicrates_subflavus","Chilabothrus_subflavus"
"Epictia_munoai","Epictia_munoai"
"Erpeton_tentaculatum","Erpeton_tentaculatum"
"Erythrolamprus_aesculapii","Erythrolamprus_aesculapii"
"Erythrolamprus_bizonus","Erythrolamprus_bizona"
"Erythrolamprus_mimus","Erythrolamprus_mimus"
"Erythrolamprus_pygmaea","Erythrolamprus_pygmaeus"
"Eryx_colubrinus","Eryx_colubrinus"
"Eryx_conicus","Eryx_conicus"
"Eryx_jaculus","Eryx_jaculus"
"Eryx_jayakari","Eryx_jayakari"
"Eryx_johnii","Eryx_johnii"
"Eryx_muelleri","Eryx_muelleri"
"Eryx_tataricus","Eryx_tataricus"
"Eryx_whitakeri","Eryx_whitakeri"
"Eunectes_murinus","Eunectes_murinus"
"Eunectes_notaeus","Eunectes_notaeus"
"Euprepiophis_conspicillata","Euprepiophis_conspicillata"
"Euprepiophis_mandarinus","Euprepiophis_mandarinus"
"Exiliboa_placata","Exiliboa_placata"
"Farancia_abacura","Farancia_abacura"
"Farancia_erytrogramma","Farancia_erytrogramma"
"Ficimia_publia","Ficimia_publia"
"Ficimia_streckeri","Ficimia_streckeri"
"Fordonia_leucobalia","Fordonia_leucobalia"
"Furina_barnardi","Furina_barnardi"
"Furina_diadema","Furina_diadema"
"Furina_dunmalli","Furina_dunmalli"
"Furina_tristis","Furina_tristis"
"Geagras_redimitus","Geagras_redimitus"
"Geophis_cancellatus","Geophis_cancellatus"
"Geophis_nasalis","Geophis_nasalis"
"Gerarda_prevostiana","Gerarda_prevostiana"
"Gloydius_blomhoffii","Gloydius_blomhoffii"
"Gloydius_brevicaudus","Gloydius_brevicaudus"
"Gloydius_halys","Gloydius_halys"
"Gloydius_rubromaculatus","Gloydius_rubromaculatus"
"Gloydius_shedaoensis","Gloydius_shedaoensis"
"Gomesophis_brasiliensis","Gomesophis_brasiliensis"
"Gongylosoma_longicauda","Gongylosoma_longicaudum"
"Gonionotophis_capensis","Limaformosa_capensis"
"Gonionotophis_crossi","Limaformosa_crossi"
"Gonionotophis_nyassae","Gracililima_nyassae"
"Gonionotophis_stenophthalmus","Mehelya_stenophthalmus"
"Gonionotophis_vernayi","Limaformosa_vernayi"
"Gonyosoma_oxycephalum","Gonyosoma_oxycephalum"
"Grayia_smithii","Grayia_smithii"
"Gyalopion_canum","Gyalopion_canum"
"Gyalopion_quadrangulare","Gyalopion_quadrangulare"
"Hapsidophrys_lineatus","Hapsidophrys_lineatus"
"Hapsidophrys_smaragdina","Hapsidophrys_smaragdinus"
"Helicops_angulatus","Helicops_angulatus"
"Helicops_hagmanni","Helicops_hagmanni"
"Helicops_infrataeniatus","Helicops_infrataeniatus"
"Helicops_leopardinus","Helicops_leopardinus"
"Helicops_modestus","Helicops_modestus"
"Helicops_pastazae","Helicops_pastazae"
"Helicops_polylepis","Helicops_polylepis"
"Helicops_trivittatus","Helicops_trivittatus"
"Helminthophis_frontalis","Helminthophis_frontalis"
"Hemachatus_haemachatus","Hemachatus_haemachatus"
"Hemiaspis_damelii","Hemiaspis_damelii"
"Hemiaspis_signata","Hemiaspis_signata"
"Hemirhagerrhis_nototaenia","Hemirhagerrhis_nototaenia"
"Hemirhagerrhis_viperina","Hemirhagerrhis_viperina"
"Hemorrhois_hippocrepis","Hemorrhois_hippocrepis"
"Hemorrhois_nummifer","Hemorrhois_nummifer"
"Hemorrhois_ravergieri","Hemorrhois_ravergieri"
"Heterodon_nasicus","Heterodon_nasicus"
"Heterodon_platirhinos","Heterodon_platirhinos"
"Heterodon_simus","Heterodon_simus"
"Hierophis_spinalis","Orientocoluber_spinalis"
"Hierophis_viridiflavus","Hierophis_viridiflavus"
"Homalopsis_buccata","Homalopsis_buccata"
"Homoroselaps_lacteus","Homoroselaps_lacteus"
"Hoplocephalus_bitorquatus","Hoplocephalus_bitorquatus"
"Hoplocephalus_bungaroides","Hoplocephalus_bungaroides"
"Hoplocephalus_stephensii","Hoplocephalus_stephensii"
"Hormonotus_modestus","Hormonotus_modestus"
"Hydraethiops_melanogaster","Hydraethiops_melanogaster"
"Hydrodynastes_gigas","Hydrodynastes_gigas"
"Hydrophis_brooki","Hydrophis_brookii"
"Hydrophis_caerulescens","Hydrophis_caerulescens"
"Hydrophis_cyanocinctus","Hydrophis_cyanocinctus"
"Hydrophis_fasciatus","Hydrophis_fasciatus"
"Hydrophis_gracilis","Hydrophis_gracilis"
"Hydrophis_hardwickii","Hydrophis_hardwickii"
"Hydrophis_major","Hydrophis_major"
"Hydrophis_melanosoma","Hydrophis_melanosoma"
"Hydrophis_ornatus","Hydrophis_ornatus"
"Hydrophis_peronii","Hydrophis_peronii"
"Hydrophis_platurus","Hydrophis_platurus"
"Hydrophis_schistosus","Hydrophis_schistosus"
"Hydrophis_torquatus","Hydrophis_torquatus"
"Hydrophis_viperinus","Hydrophis_viperinus"
"Hydrops_martii","Hydrops_martii"
"Hydrops_triangularis","Hydrops_triangularis"
"Hypnale_hypnale","Hypnale_hypnale"
"Hypsiglena_chlorophaea","Hypsiglena_chlorophaea"
"Hypsiglena_jani","Hypsiglena_jani"
"Hypsiglena_ochrorhyncha","Hypsiglena_ochrorhynchus"
"Hypsiglena_slevini","Hypsiglena_slevini"
"Hypsiglena_torquata","Hypsiglena_torquata"
"Hypsirhynchus_ferox","Hypsirhynchus_ferox"
"Hypsirhynchus_parvifrons","Hypsirhynchus_parvifrons"
"Ialtris_haetianus","Ialtris_haetianus"
"Iguanognathus_werneri","Iguanognathus_werneri"
"Imantodes_cenchoa","Imantodes_cenchoa"
"Imantodes_gemmistratus","Imantodes_gemmistratus"
"Imantodes_inornatus","Imantodes_inornatus"
"Imantodes_lentiferus","Imantodes_lentiferus"
"Imantodes_tenuissimus","Imantodes_tenuissimus"
"Ithycyphus_oursi","Ithycyphus_oursi"
"Ithycyphus_perineti","Ithycyphus_perineti"
"Lachesis_muta","Lachesis_muta"
"Lampropeltis_alterna","Lampropeltis_alterna"
"Lampropeltis_californiae","Lampropeltis_californiae"
"Lampropeltis_calligaster","Lampropeltis_calligaster"
"Lampropeltis_elapsoides","Lampropeltis_elapsoides"
"Lampropeltis_extenuata","Lampropeltis_extenuata"
"Lampropeltis_getula","Lampropeltis_getula"
"Lampropeltis_holbrooki","Lampropeltis_holbrooki"
"Lampropeltis_mexicana","Lampropeltis_mexicana"
"Lampropeltis_nigra","Lampropeltis_nigra"
"Lampropeltis_pyromelana","Lampropeltis_pyromelana"
"Lampropeltis_splendida","Lampropeltis_splendida"
"Lampropeltis_triangulum","Lampropeltis_triangulum"
"Lampropeltis_zonata","Lampropeltis_zonata"
"Lamprophis_capensis","Boaedon_capensis"
"Lamprophis_fiskii","Lamprophis_fiskii"
"Lamprophis_geometricus","Lamprophis_geometricus"
"Langaha_madagascariensis","Langaha_madagascariensis"
"Laticauda_colubrina","Laticauda_colubrina"
"Leioheterodon_madagascariensis","Leioheterodon_madagascariensis"
"Leioheterodon_modestus","Leioheterodon_modestus"
"Leptodeira_annulata","Leptodeira_annulata"
"Leptodeira_frenata","Leptodeira_frenata"
"Leptodeira_maculata","Leptodeira_maculata"
"Leptodeira_polysticta","Leptodeira_polysticta"
"Leptodeira_punctata","Leptodeira_punctata"
"Leptodeira_septentrionalis","Leptodeira_septentrionalis"
"Leptodeira_uribei","Leptodeira_uribei"
"Leptodrymus_pulcherrimus","Leptodrymus_pulcherrimus"
"Leptophis_ahaetulla","Leptophis_ahaetulla"
"Leptophis_cupreus","Leptophis_cupreus"
"Leptophis_diplotropis","Leptophis_diplotropis"
"Leptophis_mexicanus","Leptophis_mexicanus"
"Leptotyphlops_conjunctus","Leptotyphlops_conjunctus"
"Leptotyphlops_scutifrons","Leptotyphlops_scutifrons"
"Letheobia_obtusa","Afrotyphlops_obtusus"
"Letheobia_uluguruensis","Letheobia_uluguruensis"
"Liasis_fuscus","Liasis_fuscus"
"Liasis_olivaceus","Liasis_olivaceus"
"Lichanura_trivirgata","Lichanura_trivirgata"
"Limnophis_bangweolicus","Limnophis_bangweolicus"
"Limnophis_bicolor","Limnophis_bicolor"
"Liopeltis_philippinus","Liopeltis_philippina"
"Liophidium_rhodogaster","Liophidium_rhodogaster"
"Liophidium_torquatum","Liophidium_torquatum"
"Liophidium_trilineatum","Liophidium_trilineatum"
"Liophidium_vaillanti","Liophidium_vaillanti"
"Liophis_almadensis","Erythrolamprus_almadensis"
"Liophis_atraventer","Erythrolamprus_atraventer"
"Liophis_breviceps","Erythrolamprus_breviceps"
"Liophis_cobella","Erythrolamprus_cobella"
"Liophis_epinephelus","Erythrolamprus_epinephalus"
"Liophis_jaegeri","Erythrolamprus_jaegeri"
"Liophis_maryellenae","Erythrolamprus_maryellenae"
"Liophis_melanotus","Erythrolamprus_melanotus"
"Liophis_miliaris","Erythrolamprus_miliaris"
"Liophis_mossoroensis","Erythrolamprus_mossoroensis"
"Liophis_ornatus","Erythrolamprus_ornatus"
"Liophis_poecilogyrus","Erythrolamprus_poecilogyrus"
"Liophis_reginae","Erythrolamprus_reginae"
"Liophis_sagittifer","Erythrolamprus_sagittifer"
"Liophis_steinbachi","Eutrachelophis_steinbachi"
"Liophis_taeniogaster","Erythrolamprus_taeniogaster"
"Liophis_torrenicola","Erythrolamprus_torrenicola"
"Liophis_typhlus","Erythrolamprus_typhlus"
"Liophis_viridis","Erythrolamprus_viridis"
"Liophis_vitti","Erythrolamprus_vitti"
"Liopholidophis_dolicocercus","Liopholidophis_dolicocercus"
"Liopholidophis_grandidieri","Liopholidophis_grandidieri"
"Liopholidophis_rhadinaea","Liopholidophis_rhadinaea"
"Liopholidophis_sexlineatus","Liopholidophis_sexlineatus"
"Liotyphlops_beui","Liotyphlops_beui"
"Loveridgelaps_elapoides","Loveridgelaps_elapoides"
"Loxocemus_bicolor","Loxocemus_bicolor"
"Lycodon_alcalai","Lycodon_alcalai"
"Lycodon_aulicus","Lycodon_aulicus"
"Lycodon_capucinus","Lycodon_capucinus"
"Lycodon_carinatus","Lycodon_carinatus"
"Lycodon_fasciatus","Lycodon_fasciatus"
"Lycodon_futsingensis","Lycodon_futsingensis"
"Lycodon_ruhstrati","Lycodon_ruhstrati"
"Lycodon_striatus","Lycodon_striatus"
"Lycodon_subcinctus","Lycodon_subcinctus"
"Lycodon_travancoricus","Lycodon_travancoricus"
"Lycodonomorphus_bicolor","Lycodonomorphus_bicolor"
"Lycodonomorphus_laevissimus","Lycodonomorphus_laevissimus"
"Lycodonomorphus_leleupi","Lycodonomorphus_leleupi"
"Lycodonomorphus_rufulus","Lycodonomorphus_rufulus"
"Lycodonomorphus_subtaeniatus","Lycodonomorphus_subtaeniatus"
"Lycodonomorphus_whytii","Lycodonomorphus_whytii"
"Lycophidion_capense","Lycophidion_capense"
"Lycophidion_depressirostre","Lycophidion_depressirostre"
"Lycophidion_meleagris","Lycophidion_meleagre"
"Lycophidion_nanus","Lycophidion_nanum"
"Lycophidion_variegatum","Lycophidion_variegatum"
"Lygophis_anomalus","Lygophis_anomalus"
"Lygophis_dilepis","Lygophis_dilepis"
"Lygophis_lineatus","Lygophis_lineatus"
"Lygophis_meridionalis","Lygophis_meridionalis"
"Lygophis_paucidens","Lygophis_paucidens"
"Lygophis_vanzolinii","Lygophis_vanzolinii"
"Lytorhynchus_diadema","Lytorhynchus_diadema"
"Lytorhynchus_paradoxus","Lytorhynchus_paradoxus"
"Macrelaps_microlepidotus","Macrelaps_microlepidotus"
"Macropisthodon_plumbicolor","Rhabdophis_plumbicolor"
"Macropisthodon_rudis","Pseudagkistrodon_rudis"
"Macroprotodon_cucullatus","Macroprotodon_cucullatus"
"Macroprotodon_mauritanicus","Macroprotodon_mauritanicus"
"Macrovipera_lebetina","Macrovipera_lebetina"
"Macrovipera_schweizeri","Macrovipera_schweizeri"
"Madagascarophis_meridionalis","Madagascarophis_meridionalis"
"Magliophis_exiguum","Magliophis_exiguus"
"Malpolon_insignitus","Malpolon_insignitus"
"Malpolon_monspessulanus","Malpolon_monspessulanus"
"Manolepis_putnami","Manolepis_putnami"
"Mastigodryas_bifossatus","Palusophis_bifossatus"
"Mastigodryas_boddaerti","Mastigodryas_boddaerti"
"Mastigodryas_cliftoni","Mastigodryas_cliftoni"
"Mastigodryas_melanolomus","Mastigodryas_melanolomus"
"Mastigodryas_pleei","Mastigodryas_pleii"
"Mastigodryas_pulchriceps","Mastigodryas_pulchriceps"
"Megatyphlops_mucruso","Afrotyphlops_mucruso"
"Megatyphlops_schlegelii","Afrotyphlops_schlegelii"
"Meizodon_coronatus","Meizodon_coronatus"
"Meizodon_semiornatus","Meizodon_semiornatus"
"Melanophidium_wynaudense","Melanophidium_wynaudense"
"Micrelaps_vaillanti","Micrelaps_vaillanti"
"Micropechis_ikaheka","Micropechis_ikaheca"
"Micropisthodon_ochraceus","Micropisthodon_ochraceus"
"Micruroides_euryxanthus","Micruroides_euryxanthus"
"Micrurus_albicinctus","Micrurus_albicinctus"
"Micrurus_alleni","Micrurus_alleni"
"Micrurus_altirostris","Micrurus_altirostris"
"Micrurus_ancoralis","Micrurus_ancoralis"
"Micrurus_annellatus","Micrurus_annellatus"
"Micrurus_baliocoryphus","Micrurus_baliocoryphus"
"Micrurus_brasiliensis","Micrurus_brasiliensis"
"Micrurus_browni","Micrurus_browni"
"Micrurus_corallinus","Micrurus_corallinus"
"Micrurus_decoratus","Micrurus_decoratus"
"Micrurus_diastema","Micrurus_diastema"
"Micrurus_dissoleucus","Micrurus_dissoleucus"
"Micrurus_distans","Micrurus_distans"
"Micrurus_frontalis","Micrurus_frontalis"
"Micrurus_fulvius","Micrurus_fulvius"
"Micrurus_hemprichii","Micrurus_hemprichii"
"Micrurus_ibiboboca","Micrurus_ibiboboca"
"Micrurus_isozonus","Micrurus_isozonus"
"Micrurus_latifasciatus","Micrurus_latifasciatus"
"Micrurus_lemniscatus","Micrurus_lemniscatus"
"Micrurus_mipartitus","Micrurus_mipartitus"
"Micrurus_multifasciatus","Micrurus_multifasciatus"
"Micrurus_narduccii","Micrurus_narduccii"
"Micrurus_nigrocinctus","Micrurus_nigrocinctus"
"Micrurus_obscurus","Micrurus_obscurus"
"Micrurus_paraensis","Micrurus_paraensis"
"Micrurus_psyches","Micrurus_psyches"
"Micrurus_pyrrhocryptus","Micrurus_pyrrhocryptus"
"Micrurus_serranus","Micrurus_serranus"
"Micrurus_spixii","Micrurus_spixii"
"Micrurus_steindachneri","Micrurus_steindachneri"
"Micrurus_surinamensis","Micrurus_surinamensis"
"Micrurus_tener","Micrurus_tener"
"Mimophis_mahfalensis","Mimophis_mahfalensis"
"Mixcoatlus_barbouri","Mixcoatlus_barbouri"
"Montatheris_hindii","Montatheris_hindii"
"Morelia_amethistina","Simalia_amethistina"
"Morelia_spilota","Morelia_spilota"
"Morelia_viridis","Morelia_viridis"
"Mussurana_bicolor","Mussurana_bicolor"
"Mussurana_montana","Mussurana_montana"
"Mussurana_quimi","Mussurana_quimi"
"Myron_richardsonii","Myron_richardsonii"
"Myrrophis_chinensis","Myrrophis_chinensis"
"Naja_anchietae","Naja_anchietae"
"Naja_annulifera","Naja_annulifera"
"Naja_atra","Naja_atra"
"Naja_haje","Naja_haje"
"Naja_kaouthia","Naja_kaouthia"
"Naja_melanoleuca","Naja_melanoleuca"
"Naja_mossambica","Naja_mossambica"
"Naja_naja","Naja_naja"
"Naja_nigricincta","Naja_nigricincta"
"Naja_nigricollis","Naja_nigricollis"
"Naja_nivea","Naja_nivea"
"Naja_oxiana","Naja_oxiana"
"Natriciteres_fuliginoides","Natriciteres_fuliginoides"
"Natriciteres_olivacea","Natriciteres_olivacea"
"Natriciteres_variegata","Natriciteres_variegata"
"Natrix_natrix","Natrix_natrix"
"Natrix_tessellata","Natrix_tessellata"
"Neelaps_bimaculatus","Simoselaps_bimaculatus"
"Neelaps_calonotus","Neelaps_calonotus"
"Nerodia_clarkii","Nerodia_clarkii"
"Nerodia_cyclopion","Nerodia_cyclopion"
"Nerodia_erythrogaster","Nerodia_erythrogaster"
"Nerodia_fasciata","Nerodia_fasciata"
"Nerodia_floridana","Nerodia_floridana"
"Nerodia_rhombifer","Nerodia_rhombifer"
"Nerodia_sipedon","Nerodia_sipedon"
"Nerodia_taxispilota","Nerodia_taxispilota"
"Ninia_diademata","Ninia_diademata"
"Ninia_sebae","Ninia_sebae"
"Notechis_scutatus","Notechis_scutatus"
"Nothopsis_rugosus","Nothopsis_rugosus"
"Ogmodon_vitianus","Ogmodon_vitianus"
"Oligodon_affinis","Oligodon_affinis"
"Oligodon_albocinctus","Oligodon_albocinctus"
"Oligodon_arnensis","Oligodon_arnensis"
"Oligodon_catenatus","Oligodon_catenatus"
"Oligodon_cinereus","Oligodon_cinereus"
"Oligodon_cruentatus","Oligodon_cruentatus"
"Oligodon_cyclurus","Oligodon_cyclurus"
"Oligodon_formosanus","Oligodon_formosanus"
"Oligodon_hamptoni","Oligodon_hamptoni"
"Oligodon_ningshaanensis","Stichophanes_ningshaanensis"
"Oligodon_ornatus","Oligodon_ornatus"
"Oligodon_purpurascens","Oligodon_purpurascens"
"Oligodon_sublineatus","Oligodon_sublineatus"
"Oligodon_taeniolatus","Oligodon_taeniolatus"
"Oligodon_theobaldi","Oligodon_theobaldi"
"Oligodon_torquatus","Oligodon_torquatus"
"Oligodon_venustus","Oligodon_venustus"
"Oocatochus_rufodorsatus","Oocatochus_rufodorsatus"
"Opheodrys_aestivus","Opheodrys_aestivus"
"Ophiophagus_hannah","Ophiophagus_hannah"
"Ophryacus_undulatus","Ophryacus_undulatus"
"Opisthotropis_lateralis","Opisthotropis_lateralis"
"Opisthotropis_latouchii","Opisthotropis_latouchii"
"Oreocryptophis_porphyraceus","Oreocryptophis_porphyraceus"
"Orthriophis_taeniurus","Elaphe_taeniura"
"Ovophis_monticola","Ovophis_monticola"
"Ovophis_okinavensis","Ovophis_okinavensis"
"Oxybelis_aeneus","Oxybelis_aeneus"
"Oxybelis_fulgidus","Oxybelis_fulgidus"
"Oxyrhabdium_leporinum","Oxyrhabdium_leporinum"
"Oxyrhabdium_modestum","Oxyrhabdium_modestum"
"Oxyrhopus_clathratus","Oxyrhopus_clathratus"
"Oxyrhopus_fitzingeri","Oxyrhopus_fitzingeri"
"Oxyrhopus_formosus","Oxyrhopus_formosus"
"Oxyrhopus_guibei","Oxyrhopus_guibei"
"Oxyrhopus_leucomelas","Oxyrhopus_leucomelas"
"Oxyrhopus_melanogenys","Oxyrhopus_melanogenys"
"Oxyrhopus_petolarius","Oxyrhopus_petolarius"
"Oxyrhopus_rhombifer","Oxyrhopus_rhombifer"
"Oxyrhopus_trigeminus","Oxyrhopus_trigeminus"
"Oxyuranus_microlepidotus","Oxyuranus_microlepidotus"
"Oxyuranus_scutellatus","Oxyuranus_scutellatus"
"Oxyuranus_temporalis","Oxyuranus_temporalis"
"Pantherophis_alleghaniensis","Pantherophis_alleghaniensis"
"Pantherophis_bairdi","Pantherophis_bairdi"
"Pantherophis_emoryi","Pantherophis_emoryi"
"Pantherophis_guttatus","Pantherophis_guttatus"
"Pantherophis_obsoletus","Pantherophis_obsoletus"
"Pantherophis_spiloides","Pantherophis_spiloides"
"Pantherophis_vulpinus","Pantherophis_vulpinus"
"Paraphimophis_rustica","Paraphimophis_rusticus"
"Parastenophis_betsileanus","Parastenophis_betsileanus"
"Parasuta_dwyeri","Parasuta_dwyeri"
"Parasuta_flagellum","Parasuta_flagellum"
"Parasuta_gouldii","Parasuta_gouldii"
"Parasuta_monachus","Parasuta_monachus"
"Parasuta_nigriceps","Parasuta_nigriceps"
"Parasuta_spectabilis","Parasuta_spectabilis"
"Pareas_atayal","Pareas_atayal"
"Pareas_iwasakii","Pareas_iwasakii"
"Pareas_margaritophorus","Pareas_margaritophorus"
"Pareas_monticola","Pareas_monticola"
"Pareas_stanleyi","Pareas_stanleyi"
"Phalotris_lativittatus","Phalotris_lativittatus"
"Phalotris_lemniscatus","Phalotris_lemniscatus"
"Phalotris_matogrossensis","Phalotris_matogrossensis"
"Phalotris_mertensi","Phalotris_mertensi"
"Phalotris_nasutus","Phalotris_nasutus"
"Philodryas_aestiva","Philodryas_aestiva"
"Philodryas_agassizii","Philodryas_agassizii"
"Philodryas_amaru","Philodryas_amaru"
"Philodryas_arnaldoi","Philodryas_arnaldoi"
"Philodryas_baroni","Philodryas_baroni"
"Philodryas_chamissonis","Philodryas_chamissonis"
"Philodryas_cordata","Philodryas_cordata"
"Philodryas_georgeboulengeri","Philodryas_georgeboulengeri"
"Philodryas_mattogrossensis","Philodryas_mattogrossensis"
"Philodryas_nattereri","Philodryas_nattereri"
"Philodryas_olfersii","Philodryas_olfersii"
"Philodryas_patagoniensis","Philodryas_patagoniensis"
"Philodryas_psammophidea","Philodryas_psammophidea"
"Philodryas_tachymenoides","Philodryas_tachymenoides"
"Philodryas_trilineata","Philodryas_trilineata"
"Philodryas_varia","Philodryas_varia"
"Philodryas_viridissima","Philodryas_viridissima"
"Philothamnus_angolensis","Philothamnus_angolensis"
"Philothamnus_battersbyi","Philothamnus_battersbyi"
"Philothamnus_carinatus","Philothamnus_carinatus"
"Philothamnus_heterodermus","Philothamnus_heterodermus"
"Philothamnus_heterolepidotus","Philothamnus_heterolepidotus"
"Philothamnus_hoplogaster","Philothamnus_hoplogaster"
"Philothamnus_irregularis","Philothamnus_irregularis"
"Philothamnus_macrops","Philothamnus_macrops"
"Philothamnus_natalensis","Philothamnus_natalensis"
"Philothamnus_ornatus","Philothamnus_ornatus"
"Philothamnus_ruandae","Philothamnus_ruandae"
"Philothamnus_semivariegatus","Philothamnus_semivariegatus"
"Phimophis_guerini","Phimophis_guerini"
"Phimophis_guianensis","Phimophis_guianensis"
"Phyllorhynchus_browni","Phyllorhynchus_browni"
"Phyllorhynchus_decurtatus","Phyllorhynchus_decurtatus"
"Pituophis_catenifer","Pituophis_catenifer"
"Pituophis_melanoleucus","Pituophis_melanoleucus"
"Pituophis_ruthveni","Pituophis_ruthveni"
"Plagiopholis_blakewayi","Plagiopholis_blakewayi"
"Plagiopholis_nuchalis","Plagiopholis_nuchalis"
"Plagiopholis_styani","Plagiopholis_styani"
"Platyceps_collaris","Platyceps_collaris"
"Platyceps_elegantissimus","Platyceps_elegantissimus"
"Platyceps_florulentus","Platyceps_florulentus"
"Platyceps_rhodorachis","Platyceps_rhodorachis"
"Platyceps_ventromaculatus","Platyceps_ventromaculatus"
"Platyplectrurus_madurensis","Platyplectrurus_madurensis"
"Plectrurus_perroteti","Plectrurus_perroteti"
"Pliocercus_elapoides","Pliocercus_elapoides"
"Pliocercus_euryzonus","Pliocercus_euryzonus"
"Polemon_acanthias","Polemon_acanthias"
"Polemon_christyi","Polemon_christyi"
"Polemon_fulvicollis","Polemon_fulvicollis"
"Polemon_gabonensis","Polemon_gabonensis"
"Porthidium_nasutum","Porthidium_nasutum"
"Porthidium_yucatanicum","Porthidium_yucatanicum"
"Prosymna_ambigua","Prosymna_ambigua"
"Prosymna_frontalis","Prosymna_frontalis"
"Prosymna_janii","Prosymna_janii"
"Prosymna_meleagris","Prosymna_meleagris"
"Prosymna_pitmani","Prosymna_pitmani"
"Prosymna_stuhlmanni","Prosymna_stuhlmanni"
"Prosymna_sundevalli","Prosymna_sundevalli"
"Protobothrops_flavoviridis","Protobothrops_flavoviridis"
"Protobothrops_jerdonii","Protobothrops_jerdonii"
"Protobothrops_mucrosquamatus","Protobothrops_mucrosquamatus"
"Psammodynastes_pulverulentus","Psammodynastes_pulverulentus"
"Psammophis_angolensis","Psammophis_angolensis"
"Psammophis_biseriatus","Psammophis_biseriatus"
"Psammophis_brevirostris","Psammophis_brevirostris"
"Psammophis_crucifer","Psammophis_crucifer"
"Psammophis_jallae","Psammophis_jallae"
"Psammophis_leithii","Psammophis_leithii"
"Psammophis_leopardinus","Psammophis_leopardinus"
"Psammophis_lineatus","Psammophis_lineatus"
"Psammophis_lineolatus","Psammophis_lineolatus"
"Psammophis_mossambicus","Psammophis_mossambicus"
"Psammophis_namibensis","Psammophis_namibensis"
"Psammophis_notostictus","Psammophis_notostictus"
"Psammophis_phillipsi","Psammophis_phillipsii"
"Psammophis_punctulatus","Psammophis_punctulatus"
"Psammophis_schokari","Psammophis_schokari"
"Psammophis_sibilans","Psammophis_sibilans"
"Psammophis_subtaeniatus","Psammophis_subtaeniatus"
"Psammophis_sudanensis","Psammophis_sudanensis"
"Psammophis_trigrammus","Psammophis_trigrammus"
"Psammophis_trinasalis","Psammophis_trinasalis"
"Psammophylax_acutus","Kladirostratus_acutus"
"Psammophylax_rhombeatus","Psammophylax_rhombeatus"
"Psammophylax_tritaeniatus","Psammophylax_tritaeniatus"
"Psammophylax_variabilis","Psammophylax_variabilis"
"Pseudalsophis_biserialis","Pseudalsophis_biserialis"
"Pseudalsophis_dorsalis","Pseudalsophis_dorsalis"
"Pseudalsophis_slevini","Pseudalsophis_slevini"
"Pseudalsophis_thomasi","Pseudalsophis_thomasi"
"Pseudaspis_cana","Pseudaspis_cana"
"Pseudechis_australis","Pseudechis_australis"
"Pseudechis_butleri","Pseudechis_butleri"
"Pseudechis_colletti","Pseudechis_colletti"
"Pseudechis_guttatus","Pseudechis_guttatus"
"Pseudechis_papuanus","Pseudechis_papuanus"
"Pseudechis_porphyriacus","Pseudechis_porphyriacus"
"Pseudelaphe_flavirufa","Pseudelaphe_flavirufa"
"Pseudoboa_coronata","Pseudoboa_coronata"
"Pseudoboa_haasi","Pseudoboa_haasi"
"Pseudoboa_martinsi","Pseudoboa_martinsi"
"Pseudoboa_neuwiedii","Pseudoboa_neuwiedii"
"Pseudoboa_nigra","Pseudoboa_nigra"
"Pseudoboodon_lemniscatus","Pseudoboodon_lemniscatus"
"Pseudocerastes_fieldi","Pseudocerastes_fieldi"
"Pseudocerastes_urarachnoides","Pseudocerastes_urarachnoides"
"Pseudoeryx_plicatilis","Pseudoeryx_plicatilis"
"Pseudoferania_polylepis","Pseudoferania_polylepis"
"Pseudoficimia_frontalis","Pseudoficimia_frontalis"
"Pseudohaje_gldii","Pseudohaje_goldii"
"Pseudolaticauda_semifasciata","Laticauda_semifasciata"
"Pseudonaja_affinis","Pseudonaja_affinis"
"Pseudonaja_guttata","Pseudonaja_guttata"
"Pseudonaja_inframacula","Pseudonaja_inframacula"
"Pseudonaja_ingrami","Pseudonaja_ingrami"
"Pseudonaja_modesta","Pseudonaja_modesta"
"Pseudonaja_nuchalis","Pseudonaja_nuchalis"
"Pseudonaja_textilis","Pseudonaja_textilis"
"Pseudorabdion_oxycephalum","Pseudorabdion_oxycephalum"
"Pseudotomodon_trigonatus","Pseudotomodon_trigonatus"
"Pseudoxenodon_karlschmidti","Pseudoxenodon_karlschmidti"
"Pseudoxenodon_macrops","Pseudoxenodon_macrops"
"Pseudoxyrhopus_ambreensis","Pseudoxyrhopus_ambreensis"
"Pseudoxyrhopus_kely","Pseudoxyrhopus_kely"
"Pseudoxyrhopus_oblectator","Pseudoxyrhopus_oblectator"
"Pseudoxyrhopus_tritaeniatus","Pseudoxyrhopus_tritaeniatus"
"Pseustes_poecilonotus","Phrynonax_poecilonotus"
"Pseustes_shropshirei","Phrynonax_shropshirei"
"Pseustes_sulphureus","Spilotes_sulphureus"
"Psomophis_genimaculatus","Psomophis_genimaculatus"
"Psomophis_joberti","Psomophis_joberti"
"Psomophis_obtusus","Psomophis_obtusus"
"Ptyas_carinata","Ptyas_carinata"
"Ptyas_dhumnades","Ptyas_dhumnades"
"Ptyas_korros","Ptyas_korros"
"Ptyas_mucosa","Ptyas_mucosa"
"Python_anchietae","Python_anchietae"
"Python_bivittatus","Python_bivittatus"
"Python_molurus","Python_molurus"
"Python_regius","Python_regius"
"Python_sebae","Python_sebae"
"Pythonodipsas_carinata","Pythonodipsas_carinata"
"Ramphotyphlops_braminus","Indotyphlops_braminus"
"Ramphotyphlops_polygrammicus","Sundatyphlops_polygrammicus"
"Regina_alleni","Liodytes_alleni"
"Regina_grahami","Regina_grahamii"
"Regina_rigida","Liodytes_rigida"
"Regina_septemvittata","Regina_septemvittata"
"Rena_dulcis","Rena_dulcis"
"Rena_humilis","Rena_humilis"
"Rhabdophis_chrysargos","Rhabdophis_chrysargos"
"Rhabdophis_himalayanus","Rhabdophis_himalayanus"
"Rhabdophis_nigrocinctus","Rhabdophis_nigrocinctus"
"Rhabdophis_nuchalis","Rhabdophis_nuchalis"
"Rhabdophis_subminiatus","Rhabdophis_subminiatus"
"Rhabdophis_tigrinus","Rhabdophis_tigrinus"
"Rhabdops_bicolor","Smithophis_bicolor"
"Rhachidelus_brazili","Rhachidelus_brazili"
"Rhadinaea_decorata","Rhadinaea_decorata"
"Rhadinaea_flavilata","Rhadinaea_flavilata"
"Rhadinaea_fulvivittis","Rhadinaea_fulvivittis"
"Rhadinaea_gaigeae","Rhadinaea_gaigeae"
"Rhadinaea_laureata","Rhadinaea_laureata"
"Rhadinaea_montana","Rhadinaea_montana"
"Rhadinaea_sargenti","Rhadinaea_sargenti"
"Rhadinaea_taeniata","Rhadinaea_taeniata"
"Rhadinella_godmani","Rhadinella_godmani"
"Rhadinella_hannsteini","Rhadinella_hannsteini"
"Rhadinella_hempsteadae","Rhadinella_hempsteadae"
"Rhadinella_lachrymans","Rhadinella_lachrymans"
"Rhadinella_montecristi","Rhadinella_montecristi"
"Rhadinella_posadasi","Rhadinella_posadasi"
"Rhadinophanes_monticola","Rhadinophanes_monticola"
"Rhamnophis_aethiopissa","Rhamnophis_aethiopissa"
"Rhamphiophis_oxyrhynchus","Rhamphiophis_oxyrhynchus"
"Rhamphiophis_rostratus","Rhamphiophis_rostratus"
"Rhinechis_scalaris","Zamenis_scalaris"
"Rhinobothryum_lentiginosum","Rhinobothryum_lentiginosum"
"Rhinocerophis_alternatus","Bothrops_alternatus"
"Rhinocerophis_ammodytoides","Bothrops_ammodytoides"
"Rhinocerophis_cotiara","Bothrops_cotiara"
"Rhinocerophis_fonsecai","Bothrops_fonsecai"
"Rhinocerophis_itapetiningae","Bothrops_itapetiningae"
"Rhinocheilus_lecontei","Rhinocheilus_lecontei"
"Rhinophis_sanguineus","Rhinophis_sanguineus"
"Rhinoplocephalus_bicolor","Rhinoplocephalus_bicolor"
"Rhinotyphlops_lalandei","Rhinotyphlops_lalandei"
"Rodriguesophis_iglesiasi","Rodriguesophis_iglesiasi"
"Rodriguesophis_scriptorcibatus","Rodriguesophis_scriptorcibatus"
"Salomonelaps_par","Salomonelaps_par"
"Salvadora_bairdi","Salvadora_bairdi"
"Salvadora_deserticola","Salvadora_deserticola"
"Salvadora_grahamiae","Salvadora_grahamiae"
"Salvadora_hexalepis","Salvadora_hexalepis"
"Salvadora_intermedia","Salvadora_intermedia"
"Salvadora_mexicana","Salvadora_mexicana"
"Saphenophis_boursieri","Saphenophis_boursieri"
"Scaphiodontophis_annulatus","Scaphiodontophis_annulatus"
"Scaphiodontophis_venustissimus","Scaphiodontophis_venustissimus"
"Scaphiophis_albopunctatus","Scaphiophis_albopunctatus"
"Scolecophis_atrocinctus","Scolecophis_atrocinctus"
"Seminatrix_pygaea","Liodytes_pygaea"
"Senticolis_triaspis","Senticolis_triaspis"
"Sibon_annulatus","Sibon_annulatus"
"Sibon_argus","Sibon_argus"
"Sibon_longifrenis","Sibon_longifrenis"
"Sibon_nebulatus","Sibon_nebulatus"
"Sibynomorphus_mikanii","Dipsas_mikanii"
"Sibynomorphus_neuwiedi","Dipsas_neuwiedi"
"Sibynomorphus_turgidus","Dipsas_turgida"
"Sibynophis_bivittatus","Sibynophis_bivittatus"
"Sibynophis_chinensis","Sibynophis_chinensis"
"Sibynophis_collaris","Sibynophis_collaris"
"Sibynophis_geminatus","Sibynophis_geminatus"
"Sibynophis_sagittarius","Sibynophis_sagittarius"
"Simophis_rhinostoma","Simophis_rhinostoma"
"Simoselaps_anomalus","Simoselaps_anomalus"
"Simoselaps_bertholdi","Simoselaps_bertholdi"
"Simoselaps_littoralis","Simoselaps_littoralis"
"Simoselaps_minimus","Simoselaps_minimus"
"Simoselaps_warro","Antaioserpens_warro"
"Sinomicrurus_japonicus","Sinomicrurus_japonicus"
"Sinomicrurus_macclellandi","Sinomicrurus_macclellandi"
"Sinonatrix_aequifasciata","Sinonatrix_aequifasciata"
"Sinonatrix_annularis","Sinonatrix_annularis"
"Sinonatrix_percarinata","Sinonatrix_percarinatus"
"Siphlophis_cervinus","Siphlophis_cervinus"
"Siphlophis_compressus","Siphlophis_compressus"
"Siphlophis_leucocephalus","Siphlophis_leucocephalus"
"Siphlophis_longicaudatus","Siphlophis_longicaudatus"
"Siphlophis_pulcher","Siphlophis_pulcher"
"Siphlophis_worontzowi","Siphlophis_worontzowi"
"Sistrurus_catenatus","Sistrurus_catenatus"
"Sistrurus_miliarius","Sistrurus_miliarius"
"Sonora_aemula","Sonora_aemula"
"Sonora_michoacanensis","Sonora_michoacanensis"
"Sonora_semiannulata","Sonora_semiannulata"
"Sordellina_punctata","Sordellina_punctata"
"Spalerosophis_arenarius","Spalerosophis_arenarius"
"Spalerosophis_diadema","Spalerosophis_diadema"
"Spilotes_pullatus","Spilotes_pullatus"
"Stegonotus_cucullatus","Stegonotus_cucullatus"
"Stenorrhina_degenhardtii","Stenorrhina_degenhardtii"
"Stenorrhina_freminvillei","Stenorrhina_freminvillei"
"Storeria_dekayi","Storeria_dekayi"
"Storeria_occipitomaculata","Storeria_occipitomaculata"
"Storeria_storerioides","Storeria_storerioides"
"Suta_fasciata","Suta_fasciata"
"Suta_punctata","Suta_punctata"
"Suta_suta","Suta_suta"
"Symphimus_mayae","Symphimus_mayae"
"Sympholis_lippiens","Sympholis_lippiens"
"Synophis_plectovertebralis","Synophis_plectovertebralis"
"Tachymenis_chilensis","Tachymenis_chilensis"
"Tachymenis_peruviana","Tachymenis_peruviana"
"Taeniophallus_affinis","Taeniophallus_affinis"
"Taeniophallus_bilineatus","Taeniophallus_bilineatus"
"Taeniophallus_brevirostris","Taeniophallus_brevirostris"
"Taeniophallus_nicagus","Taeniophallus_nicagus"
"Taeniophallus_occipitalis","Taeniophallus_occipitalis"
"Taeniophallus_quadriocellatus","Taeniophallus_quadriocellatus"
"Tantilla_bocourti","Tantilla_bocourti"
"Tantilla_calamarina","Tantilla_calamarina"
"Tantilla_coronata","Tantilla_coronata"
"Tantilla_cucullata","Tantilla_cucullata"
"Tantilla_cuniculator","Tantilla_cuniculator"
"Tantilla_flavilineata","Tantilla_flavilineata"
"Tantilla_gracilis","Tantilla_gracilis"
"Tantilla_hobartsmithi","Tantilla_hobartsmithi"
"Tantilla_impensa","Tantilla_impensa"
"Tantilla_jani","Tantilla_jani"
"Tantilla_melanocephala","Tantilla_melanocephala"
"Tantilla_nigriceps","Tantilla_nigriceps"
"Tantilla_planiceps","Tantilla_planiceps"
"Tantilla_reticulata","Tantilla_reticulata"
"Tantilla_schistosa","Tantilla_schistosa"
"Tantilla_supracincta","Tantilla_supracincta"
"Tantilla_tayrae","Tantilla_tayrae"
"Tantilla_vermiformis","Tantilla_vermiformis"
"Tantilla_wilcoxi","Tantilla_wilcoxi"
"Tantilla_yaquia","Tantilla_yaquia"
"Tantillita_canula","Tantillita_canula"
"Tantillita_lintoni","Tantillita_lintoni"
"Telescopus_dhara","Telescopus_dhara"
"Telescopus_obtusus","Telescopus_obtusus"
"Telescopus_semiannulatus","Telescopus_semiannulatus"
"Thamnodynastes_chaquensis","Thamnodynastes_chaquensis"
"Thamnodynastes_hypoconia","Thamnodynastes_hypoconia"
"Thamnodynastes_lanei","Thamnodynastes_lanei"
"Thamnodynastes_pallidus","Thamnodynastes_pallidus"
"Thamnodynastes_phoenix","Thamnodynastes_phoenix"
"Thamnodynastes_sertanejo","Thamnodynastes_sertanejo"
"Thamnodynastes_strigatus","Thamnodynastes_strigatus"
"Thamnophis_atratus","Thamnophis_atratus"
"Thamnophis_brachystoma","Thamnophis_brachystoma"
"Thamnophis_butleri","Thamnophis_butleri"
"Thamnophis_couchii","Thamnophis_couchii"
"Thamnophis_cyrtopsis","Thamnophis_cyrtopsis"
"Thamnophis_elegans","Thamnophis_elegans"
"Thamnophis_eques","Thamnophis_eques"
"Thamnophis_fulvus","Thamnophis_fulvus"
"Thamnophis_gigas","Thamnophis_gigas"
"Thamnophis_godmani","Thamnophis_godmani"
"Thamnophis_hammondii","Thamnophis_hammondii"
"Thamnophis_marcianus","Thamnophis_marcianus"
"Thamnophis_melanogaster","Thamnophis_melanogaster"
"Thamnophis_mendax","Thamnophis_mendax"
"Thamnophis_ordinoides","Thamnophis_ordinoides"
"Thamnophis_proximus","Thamnophis_proximus"
"Thamnophis_pulchrilatus","Thamnophis_pulchrilatus"
"Thamnophis_radix","Thamnophis_radix"
"Thamnophis_rufipunctatus","Thamnophis_rufipunctatus"
"Thamnophis_sauritus","Thamnophis_saurita"
"Thamnophis_scalaris","Thamnophis_scalaris"
"Thamnophis_scaliger","Thamnophis_scaliger"
"Thamnophis_sirtalis","Thamnophis_sirtalis"
"Thamnophis_sumichrasti","Thamnophis_sumichrasti"
"Thamnophis_valida","Thamnophis_validus"
"Thamnosophis_epistibes","Thamnosophis_epistibes"
"Thamnosophis_infrasignatus","Thamnosophis_infrasignatus"
"Thamnosophis_lateralis","Thamnosophis_lateralis"
"Thelotornis_capensis","Thelotornis_capensis"
"Thelotornis_kirtlandii","Thelotornis_kirtlandii"
"Thrasops_flavigularis","Thrasops_flavigularis"
"Thrasops_schmidti","Thrasops_schmidti"
"Tomodon_dorsatus","Tomodon_dorsatus"
"Tomodon_ocellatus","Tomodon_ocellatus"
"Toxicocalamus_ernstmayeri","Toxicocalamus_ernstmayri"
"Toxicocalamus_loriae","Toxicocalamus_loriae"
"Toxicocalamus_pachysomus","Toxicocalamus_pachysomus"
"Toxicocalamus_stanleyanus","Toxicocalamus_stanleyanus"
"Toxicodryas_blandingii","Toxicodryas_blandingii"
"Toxicodryas_pulverulenta","Toxicodryas_pulverulenta"
"Trachischium_fuscum","Trachischium_fuscum"
"Trachyboa_boulengeri","Trachyboa_boulengeri"
"Tretanorhinus_nigroluteus","Tretanorhinus_nigroluteus"
"Tretanorhinus_variabilis","Tretanorhinus_variabilis"
"Trilepida_koppesi","Trilepida_koppesi"
"Trimeresurus_albolabris","Trimeresurus_albolabris"
"Trimeresurus_borneensis","Trimeresurus_borneensis"
"Trimeresurus_fucatus","Trimeresurus_sabahi"
"Trimeresurus_gracilis","Trimeresurus_gracilis"
"Trimeresurus_gramineus","Trimeresurus_gramineus"
"Trimeresurus_insularis","Trimeresurus_insularis"
"Trimeresurus_malabaricus","Trimeresurus_malabaricus"
"Trimeresurus_stejnegeri","Trimeresurus_stejnegeri"
"Trimeresurus_strigatus","Trimeresurus_strigatus"
"Trimeresurus_yunnanensis","Trimeresurus_yunnanensis"
"Trimetopon_slevini","Trimetopon_slevini"
"Trimorphodon_biscutatus","Trimorphodon_biscutatus"
"Trimorphodon_lambda","Trimorphodon_lambda"
"Trimorphodon_paucimaculatus","Trimorphodon_paucimaculatus"
"Trimorphodon_quadruplex","Trimorphodon_quadruplex"
"Trimorphodon_tau","Trimorphodon_tau"
"Tropidechis_carinatus","Tropidechis_carinatus"
"Tropidoclonion_lineatum","Tropidoclonion_lineatum"
"Tropidodipsas_sartorii","Tropidodipsas_sartorii"
"Tropidodryas_serra","Tropidodryas_serra"
"Tropidodryas_striaticeps","Tropidodryas_striaticeps"
"Tropidolaemus_subannulatus","Tropidolaemus_subannulatus"
"Tropidonophis_mairii","Tropidonophis_mairii"
"Tropidophis_greenwayi","Tropidophis_greenwayi"
"Tropidophis_maculatus","Tropidophis_maculatus"
"Tropidophis_melanurus","Tropidophis_melanurus"
"Tropidophis_pardalis","Tropidophis_pardalis"
"Tropidophis_paucisquamis","Tropidophis_paucisquamis"
"Typhlops_diardii","Argyrophis_diardii"
"Typhlops_reticulatus","Amerotyphlops_reticulatus"
"Ungaliophis_panamensis","Ungaliophis_panamensis"
"Uromacer_catesbyi","Uromacer_catesbyi"
"Uromacer_frenatus","Uromacer_frenatus"
"Uromacer_oxyrhynchus","Uromacer_oxyrhynchus"
"Uromacerina_ricardinii","Cercophis_auratus"
"Uropeltis_ceylanicus","Uropeltis_ceylanica"
"Uropeltis_ocellatus","Uropeltis_ocellata"
"Uropeltis_pulneyensis","Uropeltis_pulneyensis"
"Uropeltis_woodmasoni","Uropeltis_woodmasoni"
"Urotheca_decipiens","Urotheca_decipiens"
"Vermicella_annulata","Vermicella_annulata"
"Vermicella_intermedia","Vermicella_intermedia"
"Vermicella_multifasciata","Vermicella_multifasciata"
"Vermicella_vermiformis","Vermicella_vermiformis"
"Vipera_ammodytes","Vipera_ammodytes"
"Vipera_aspis","Vipera_aspis"
"Vipera_berus","Vipera_berus"
"Vipera_latastei","Vipera_latastei"
"Vipera_ursinii","Vipera_ursinii"
"Virginia_striatula","Haldea_striatula"
"Virginia_valeriae","Virginia_valeriae"
"Walterinnesia_aegyptia","Walterinnesia_aegyptia"
"Xenelaphis_hexagonotus","Xenelaphis_hexagonotus"
"Xenocalamus_bicolor","Xenocalamus_bicolor"
"Xenocalamus_mechowii","Xenocalamus_mechowii"
"Xenocalamus_sabiensis","Xenocalamus_sabiensis"
"Xenochrophis_cerasogaster","Xenochrophis_cerasogaster"
"Xenochrophis_flavipunctatus","Fowlea_flavipunctatus"
"Xenochrophis_maculatus","Xenochrophis_maculatus"
"Xenochrophis_piscator","Fowlea_piscator"
"Xenodon_dorbignyi","Xenodon_dorbignyi"
"Xenodon_histricus","Xenodon_histricus"
"Xenodon_merremi","Xenodon_merremii"
"Xenodon_nattereri","Xenodon_nattereri"
"Xenodon_neuwiedii","Xenodon_neuwiedii"
"Xenodon_rabdocephalus","Xenodon_rabdocephalus"
"Xenodon_semicinctus","Xenodon_semicinctus"
"Xenodon_severus","Xenodon_severus"
"Xenopeltis_unicolor","Xenopeltis_unicolor"
"Xenophidion_acanthognathus","Xenophidion_acanthognathus"
"Xenopholis_scalaris","Xenopholis_scalaris"
"Xenopholis_undulatus","Xenopholis_undulatus"
"Xenoxybelis_argenteus","Philodryas_argentea"
"Xyelodontophis_uluguruensis","Xyelodontophis_uluguruensis"
"Xylophis_captaini","Xylophis_captaini"
"Xylophis_perroteti","Xylophis_perroteti"
"Zamenis_longissimus","Zamenis_longissimus"
"Zamenis_situla","Zamenis_situla"
